"Variant.ID","Location","Chr..bp","vf_allele","Alleles","Global.MAF","Class","Source","Evidence","Conseq..Type","AA","AA.coord","sift_class","SIFT","polyphen_class","PolyPhen","cadd_class","CADD","revel_sort","revel_class","REVEL","Transcript"
"rs782291578","635:20:00","635:20:00","A","C/A/T","-","SNP","dbSNP","Frequency~ExAC~TOPMed~gnomAD","missense variant","A/E",12,"deleterious - low confidence",0,"possibly damaging",0.526,"likely benign",23,604,"likely disease causing",0.603,"ENST00000340958.4"
"rs372116449","638:41:00","638:41:00","A","C/A/G/T","-","SNP","dbSNP","Frequency~ESP~ExAC~TOPMed~gnomAD","missense variant","A/E",79,"deleterious - low confidence",0,"probably damaging",0.963,"likely benign",25,881,"likely disease causing",0.88,"ENST00000340958.4"
"rs1226802610","638:20:00","638:20:00","G","C/G/T","-","SNP","dbSNP","Frequency~TOPMed~gnomAD","missense variant","A/G",72,"deleterious - low confidence",0.05,"benign",0.053,"likely benign",23,702,"likely disease causing",0.701,"ENST00000340958.4"
"rs138373200","640:47:00","640:47:00","G","C/G/T","-","SNP","dbSNP","Frequency~ESP~ExAC~TOPMed~gnomAD","missense variant","A/G",121,"deleterious - low confidence",0.03,"benign",0.111,"likely benign",23,607,"likely disease causing",0.606,"ENST00000340958.4"
"rs1584330532","643:11:00","643:11:00","G","C/G","-","SNP","dbSNP","Frequency","missense variant","A/G",169,"tolerated - low confidence",0.77,"benign",0.021,"likely benign",19,351,"likely benign",0.35,"ENST00000340958.4"
"rs1554634199","644:44:00","644:44:00","G","C/G/T","-","SNP","dbSNP","Frequency~gnomAD","missense variant","A/G",200,"deleterious - low confidence",0.04,"benign",0.247,"likely benign",22,255,"likely benign",0.254,"ENST00000340958.4"
"rs782630775","644:56:00","644:56:00","G","C/G","-","SNP","dbSNP","Frequency~ExAC~gnomAD","missense variant","A/G",204,"tolerated - low confidence",0.2,"benign",0.015,"likely benign",15,181,"likely benign",0.18,"ENST00000340958.4"
"rs782629608","635:19:00","635:19:00","C","G/A/C","-","SNP","dbSNP","Frequency~ExAC~TOPMed~gnomAD","missense variant","A/P",12,"deleterious - low confidence",0.01,"possibly damaging",0.763,"likely benign",17,686,"likely disease causing",0.685,"ENST00000340958.4"
"rs781882770","640:28:00","640:28:00","C","G/C","-","SNP","dbSNP","Frequency~ExAC~gnomAD","missense variant","A/P",115,"deleterious - low confidence",0,"benign",0.186,"likely benign",24,733,"likely disease causing",0.732,"ENST00000340958.4"
"rs199567908","640:22:00","640:22:00","T","G/A/T","-","SNP","dbSNP","Frequency~1000Genomes~Phenotype_or_Disease~ExAC~TOPMed~gnomAD","missense variant","A/S",113,"tolerated - low confidence",0.59,"benign",0.015,"likely benign",4,126,"likely benign",0.125,"ENST00000340958.4"
"rs1473207701","644:28:00","644:28:00","T","G/A/T","-","SNP","dbSNP","Frequency~TOPMed~gnomAD","missense variant","A/S",195,"tolerated - low confidence",0.05,"benign",0.298,"likely benign",21,241,"likely benign",0.24,"ENST00000340958.4"
"rs1175384945","635:25:00","635:25:00","A","G/A","-","SNP","dbSNP","Frequency~TOPMed~gnomAD","missense variant","A/T",14,"deleterious - low confidence",0,"benign",0.077,"likely benign",24,422,"likely benign",0.421,"ENST00000340958.4"
"rs782103198","636:01:00","636:01:00","A","G/A","-","SNP","dbSNP","Frequency~ExAC~TOPMed~gnomAD","missense variant","A/T",26,"deleterious - low confidence",0.01,"benign",0.373,"likely benign",23,622,"likely disease causing",0.621,"ENST00000340958.4"
"rs1788029216","638:40:00","638:40:00","A","G/A","-","SNP","dbSNP","Frequency~TOPMed~gnomAD","missense variant","A/T",79,"deleterious - low confidence",0.02,"possibly damaging",0.743,"likely benign",27,712,"likely disease causing",0.711,"ENST00000340958.4"
"rs782448196","638:49:00","638:49:00","A","G/A","-","SNP","dbSNP","Frequency~Phenotype_or_Disease~ExAC~TOPMed~gnomAD","missense variant","A/T",82,"deleterious - low confidence",0,"probably damaging",0.923,"likely benign",26,740,"likely disease causing",0.739,"ENST00000340958.4"
"rs1265038600","640:46:00","640:46:00","A","G/A","-","SNP","dbSNP","Frequency~TOPMed~gnomAD","missense variant","A/T",121,"deleterious - low confidence",0.03,"possibly damaging",0.907,"likely benign",22,723,"likely disease causing",0.722,"ENST00000340958.4"
"rs782014458","643:13:00","643:13:00","A","G/A","-","SNP","dbSNP","Frequency~ExAC~TOPMed~gnomAD","missense variant","A/T",170,"tolerated - low confidence",0.09,"benign",0.403,"likely benign",17,402,"likely benign",0.401,"ENST00000340958.4"
"rs782516201","644:55:00","644:55:00","A","G/A","-","SNP","dbSNP","Frequency~ExAC~gnomAD","missense variant","A/T",204,"tolerated - low confidence",0.11,"benign",0.022,"likely benign",9,181,"likely benign",0.18,"ENST00000340958.4"
"rs782812690","634:50:00","634:50:00","T","C/T","-","SNP","dbSNP","Frequency~ExAC~gnomAD","missense variant","A/V",2,"tolerated - low confidence",0.46,"benign",0.015,"likely benign",19,208,"likely benign",0.207,"ENST00000340958.4"
"rs868948159","635:26:00","635:26:00","T","C/T","-","SNP","dbSNP","Frequency","missense variant","A/V",14,"deleterious - low confidence",0,"benign",0.174,"likely benign",23,623,"likely disease causing",0.622,"ENST00000340958.4"
"rs782748828","636:02:00","636:02:00","T","C/T","-","SNP","dbSNP","Frequency~ExAC~TOPMed~gnomAD","missense variant","A/V",26,"tolerated - low confidence",0.05,"benign",0.071,"likely benign",22,494,"likely benign",0.493,"ENST00000340958.4"
"rs782099865","640:23:00","640:23:00","T","C/T","-","SNP","dbSNP","Frequency~ExAC~TOPMed~gnomAD","missense variant","A/V",113,"tolerated - low confidence",0.13,"benign",0.009,"likely benign",16,139,"likely benign",0.138,"ENST00000340958.4"
"rs1554634140","641:08:00","641:08:00","T","C/T","-","SNP","dbSNP","Frequency~gnomAD","missense variant","A/V",128,"deleterious - low confidence",0,"possibly damaging",0.622,"likely benign",22,680,"likely disease causing",0.679,"ENST00000340958.4"
"rs782733838","644:41:00","644:41:00","T","C/T","-","SNP","dbSNP","Frequency~ExAC~TOPMed~gnomAD","missense variant","A/V",199,"deleterious - low confidence",0.03,"benign",0.065,"likely benign",22,177,"likely benign",0.176,"ENST00000340958.4"
"rs1331568171","643:59:00","643:59:00","T","G/T","-","SNP","dbSNP","Frequency~TOPMed~gnomAD","missense variant","C/F",185,"deleterious - low confidence",0,"benign",0.132,"likely benign",24,831,"likely disease causing",0.83,"ENST00000340958.4"
"rs782732212","640:04:00","640:04:00","G","T/A/G","-","SNP","dbSNP","Frequency~ExAC~TOPMed~gnomAD","missense variant","C/G",107,"deleterious - low confidence",0,"possibly damaging",0.893,"likely benign",28,923,"likely disease causing",0.922,"ENST00000340958.4"
"rs781886975","637:55:00","637:55:00","C","T/C","-","SNP","dbSNP","Frequency~Phenotype_or_Disease~ExAC~TOPMed~gnomAD","missense variant","C/R",64,"deleterious - low confidence",0,"probably damaging",1,"likely deleterious",32,947,"likely disease causing",0.946,"ENST00000340958.4"
"rs2130522642","639:55:00","639:55:00","C","T/C","-","SNP","dbSNP","Frequency","missense variant","C/R",104,"deleterious - low confidence",0,"probably damaging",0.93,"likely benign",28,937,"likely disease causing",0.936,"ENST00000340958.4"
"rs782708053","635:56:00","635:56:00","C","G/A/C","-","SNP","dbSNP","Frequency~ExAC~gnomAD","missense variant","C/S",24,"tolerated - low confidence",0.45,"benign",0,"likely benign",19,273,"likely benign",0.272,"ENST00000340958.4"
"rs1554634185","643:53:00","643:53:00","C","G/C","-","SNP","dbSNP","Frequency~gnomAD","missense variant","C/S",183,"tolerated - low confidence",0.24,"benign",0.01,"likely benign",19,369,"likely benign",0.368,"ENST00000340958.4"
"rs1554634110","639:56:00","639:56:00","A","G/A","-","SNP","dbSNP","Frequency~gnomAD","missense variant","C/Y",104,"deleterious - low confidence",0,"probably damaging",0.991,"likely benign",29,903,"likely disease causing",0.902,"ENST00000340958.4"
"rs1305483195","638:33:00","638:33:00","A","C/A/G","-","SNP","dbSNP","Frequency~TOPMed~gnomAD","missense variant","D/E",76,"deleterious - low confidence",0.04,"benign",0.391,"likely benign",21,701,"likely disease causing",0.7,"ENST00000340958.4"
"rs575881946","642:02:00","642:02:00","G","A/G","< 0.001","SNP","dbSNP","Frequency~1000Genomes~ExAC~TOPMed~gnomAD","missense variant","D/G",146,"deleterious - low confidence",0,"benign",0.075,"likely benign",24,816,"likely disease causing",0.815,"ENST00000340958.4"
"rs1788038185","644:14:00","644:14:00","G","A/G","-","SNP","dbSNP","Frequency~TOPMed","missense variant","D/G",190,"tolerated - low confidence",0.12,"benign",0,"likely benign",21,191,"likely benign",0.19,"ENST00000340958.4"
"rs782320722","638:31:00","638:31:00","C","G/A/C","-","SNP","dbSNP","Frequency~ExAC~TOPMed~gnomAD","missense variant","D/H",76,"deleterious - low confidence",0,"probably damaging",0.989,"likely benign",28,730,"likely disease causing",0.729,"ENST00000340958.4"
"rs1041287524","638:07:00","638:07:00","A","G/A","-","SNP","dbSNP","Frequency~1000Genomes~TOPMed~gnomAD","missense variant","D/N",68,"deleterious - low confidence",0.01,"possibly damaging",0.743,"likely benign",29,707,"likely disease causing",0.706,"ENST00000340958.4"
"rs782028199","644:13:00","644:13:00","A","G/A","-","SNP","dbSNP","Frequency~Phenotype_or_Disease~ExAC~TOPMed~gnomAD","missense variant","D/N",190,"tolerated - low confidence",0.27,"benign",0,"likely benign",18,175,"likely benign",0.174,"ENST00000340958.4"
"rs1554634122","640:17:00","640:17:00","G","A/G","-","SNP","dbSNP","Frequency~gnomAD","missense variant","E/G",111,"deleterious - low confidence",0.01,"benign",0.294,"likely benign",24,485,"likely benign",0.484,"ENST00000340958.4"
"rs1554634158","642:06:00","642:06:00","G","C/G/T","-","SNP","dbSNP","Frequency~TOPMed~gnomAD","missense variant","F/L",147,"deleterious - low confidence",0,"probably damaging",0.981,"likely benign",26,843,"likely disease causing",0.842,"ENST00000340958.4"
"rs1584330380","640:58:00","640:58:00","G","T/G","-","SNP","dbSNP","Frequency","missense variant","F/V",125,"deleterious - low confidence",0,"possibly damaging",0.901,"likely benign",25,895,"likely disease causing",0.894,"ENST00000340958.4"
"rs1554634106","639:50:00","639:50:00","C","G/C","-","SNP","dbSNP","Frequency~gnomAD","missense variant","G/A",102,"tolerated - low confidence",0.54,"benign",0.024,"likely benign",21,356,"likely benign",0.355,"ENST00000340958.4"
"rs1271718069","635:13:00","635:13:00","T","G/C/T","-","SNP","dbSNP","Frequency~TOPMed~gnomAD","missense variant","G/C",10,"deleterious - low confidence",0,"possibly damaging",0.879,"likely benign",26,861,"likely disease causing",0.86,"ENST00000340958.4"
"rs1384346684","640:50:00","640:50:00","A","G/A","-","SNP","dbSNP","Frequency~TOPMed~gnomAD","missense variant","G/D",122,"deleterious - low confidence",0,"probably damaging",0.999,"likely benign",29,935,"likely disease causing",0.934,"ENST00000340958.4"
"rs575127499","641:11:00","641:11:00","A","G/A","< 0.001","SNP","dbSNP","Frequency~1000Genomes~ExAC~TOPMed~gnomAD","missense variant","G/D",129,"deleterious - low confidence",0,"probably damaging",0.981,"likely benign",24,602,"likely disease causing",0.601,"ENST00000340958.4"
"rs1788037069","643:35:00","643:35:00","A","G/A","-","SNP","dbSNP","Frequency~TOPMed","missense variant","G/D",177,"deleterious - low confidence",0,"probably damaging",0.998,"likely benign",27,841,"likely disease causing",0.84,"ENST00000340958.4"
"rs994139151","642:29:00","642:29:00","A","G/A","-","SNP","dbSNP","","missense variant","G/E",155,"deleterious - low confidence",0,"benign",0.028,"likely benign",23,253,"likely benign",0.252,"ENST00000340958.4"
"rs1032070026","643:38:00","643:38:00","A","G/A","-","SNP","dbSNP","","missense variant","G/E",178,"deleterious - low confidence",0,"probably damaging",0.999,"likely benign",26,804,"likely disease causing",0.803,"ENST00000340958.4"
"rs781811608","642:28:00","642:28:00","A","G/A","-","SNP","dbSNP","Frequency~ExAC~TOPMed~gnomAD","missense variant","G/R",155,"deleterious - low confidence",0,"benign",0.371,"likely benign",23,349,"likely benign",0.348,"ENST00000340958.4"
"rs200226062","643:37:00","643:37:00","A","G/A/T","-","SNP","dbSNP","Frequency~ExAC~TOPMed~gnomAD","missense variant","G/R",178,"deleterious - low confidence",0,"probably damaging",1,"likely benign",27,892,"likely disease causing",0.891,"ENST00000340958.4"
"rs1554634043","636:34:00","636:34:00","A","G/A","-","SNP","dbSNP","Frequency~TOPMed~gnomAD","missense variant","G/S",37,"deleterious - low confidence",0,"possibly damaging",0.83,"likely deleterious",32,772,"likely disease causing",0.771,"ENST00000340958.4"
"rs782789724","637:43:00","637:43:00","A","G/A","-","SNP","dbSNP","Frequency~ExAC~gnomAD","missense variant","G/S",60,"deleterious - low confidence",0,"probably damaging",0.968,"likely deleterious",33,894,"likely disease causing",0.893,"ENST00000340958.4"
"rs1563645163","640:49:00","640:49:00","A","G/A","-","SNP","dbSNP","Frequency","missense variant","G/S",122,"deleterious - low confidence",0.01,"probably damaging",0.992,"likely benign",27,931,"likely disease causing",0.93,"ENST00000340958.4"
"rs143559313","641:10:00","641:10:00","A","G/A","< 0.001","SNP","dbSNP","Frequency~1000Genomes~ESP~ExAC~TOPMed~gnomAD","missense variant","G/S",129,"tolerated - low confidence",0.05,"possibly damaging",0.696,"likely benign",20,411,"likely benign",0.41,"ENST00000340958.4"
"rs782399679","642:46:00","642:46:00","A","G/A","-","SNP","dbSNP","Frequency~ExAC~TOPMed~gnomAD","missense variant","G/S",161,"deleterious - low confidence",0,"probably damaging",1,"likely deleterious",31,946,"likely disease causing",0.945,"ENST00000340958.4"
"rs146017284","643:04:00","643:04:00","A","G/A","-","SNP","dbSNP","Frequency~ESP~TOPMed~gnomAD","missense variant","G/S",167,"deleterious - low confidence",0,"probably damaging",0.998,"likely deleterious",30,903,"likely disease causing",0.902,"ENST00000340958.4"
"rs782701130","643:19:00","643:19:00","A","G/A","-","SNP","dbSNP","Frequency~ExAC~gnomAD","missense variant","G/S",172,"tolerated - low confidence",0.07,"benign",0.388,"likely benign",23,392,"likely benign",0.391,"ENST00000340958.4"
"rs782776359","643:34:00","643:34:00","A","G/A","-","SNP","dbSNP","Frequency~ExAC~TOPMed~gnomAD","missense variant","G/S",177,"deleterious - low confidence",0,"probably damaging",0.953,"likely benign",26,733,"likely disease causing",0.732,"ENST00000340958.4"
"rs993652839","639:26:00","639:26:00","T","G/T","-","SNP","dbSNP","","missense variant","G/V",94,"deleterious - low confidence",0,"probably damaging",0.957,"likely benign",24,746,"likely disease causing",0.745,"ENST00000340958.4"
"rs1365334203","634:58:00","634:58:00","T","G/T","-","SNP","dbSNP","Frequency~TOPMed","missense variant","G/W",5,"deleterious - low confidence",0,"probably damaging",0.998,"likely deleterious",34,936,"likely disease causing",0.935,"ENST00000340958.4"
"rs782033926","639:46:00","639:46:00","T","G/T","-","SNP","dbSNP","Frequency~ExAC~gnomAD","missense variant","G/W",101,"deleterious - low confidence",0,"probably damaging",1,"likely deleterious",33,920,"likely disease causing",0.919,"ENST00000340958.4"
"rs1037918347","638:58:00","638:58:00","C","A/C/G","-","SNP","dbSNP","Frequency","missense variant","I/L",85,"deleterious - low confidence",0,"benign",0.05,"likely benign",17,295,"likely benign",0.294,"ENST00000340958.4"
"rs112541814","636:33:00","636:33:00","G","C/G/T","-","SNP","dbSNP","Frequency~1000Genomes~ESP~ExAC~TOPMed~gnomAD","missense variant","I/M",36,"deleterious - low confidence",0,"possibly damaging",0.906,"likely benign",24,651,"likely disease causing",0.65,"ENST00000340958.4"
"rs1171793589","637:03:00","637:03:00","G","C/G","-","SNP","dbSNP","Frequency~TOPMed~gnomAD","missense variant","I/M",46,"deleterious - low confidence",0.04,"benign",0.065,"likely benign",21,324,"likely benign",0.323,"ENST00000340958.4"
"rs909638840","641:24:00","641:24:00","G","A/G","-","SNP","dbSNP","Frequency~Phenotype_or_Disease~TOPMed","missense variant","I/M",133,"tolerated - low confidence",0.08,"benign",0.027,"likely benign",13,164,"likely benign",0.163,"ENST00000340958.4"
"rs1302344217","636:44:00","636:44:00","C","T/C","-","SNP","dbSNP","Frequency~TOPMed~gnomAD","missense variant","I/T",40,"deleterious - low confidence",0,"possibly damaging",0.859,"likely benign",28,894,"likely disease causing",0.893,"ENST00000340958.4"
"rs782478855","639:02:00","639:02:00","C","T/C","-","SNP","dbSNP","Frequency~ExAC~gnomAD","missense variant","I/T",86,"deleterious - low confidence",0,"benign",0.373,"likely benign",20,536,"likely disease causing",0.535,"ENST00000340958.4"
"rs782299940","636:31:00","636:31:00","G","A/G","-","SNP","dbSNP","Frequency~ExAC~gnomAD","missense variant","I/V",36,"tolerated - low confidence",0.24,"benign",0.052,"likely benign",21,284,"likely benign",0.283,"ENST00000340958.4"
"rs1554634054","637:01:00","637:01:00","G","A/G","-","SNP","dbSNP","Frequency~gnomAD","missense variant","I/V",46,"tolerated - low confidence",0.06,"benign",0.015,"likely benign",20,218,"likely benign",0.217,"ENST00000340958.4"
"rs1584330448","641:52:00","641:52:00","G","A/G","-","SNP","dbSNP","Frequency","missense variant","I/V",143,"tolerated - low confidence",0.33,"benign",0.03,"likely benign",3,210,"likely benign",0.209,"ENST00000340958.4"
"rs782191312","644:16:00","644:16:00","G","A/G","-","SNP","dbSNP","Frequency~ExAC~TOPMed~gnomAD","missense variant","K/E",191,"tolerated - low confidence",0.06,"benign",0.068,"likely benign",22,268,"likely benign",0.267,"ENST00000340958.4"
"rs782737256","640:27:00","640:27:00","C","G/A/C","-","SNP","dbSNP","Frequency~ExAC~TOPMed~gnomAD","missense variant","K/N",114,"deleterious - low confidence",0,"probably damaging",0.962,"likely benign",23,713,"likely disease causing",0.712,"ENST00000340958.4"
"rs1366823544","644:17:00","644:17:00","G","A/G","-","SNP","dbSNP","Frequency~TOPMed~gnomAD","missense variant","K/R",191,"tolerated - low confidence",0.44,"benign",0,"likely benign",20,160,"likely benign",0.159,"ENST00000340958.4"
"rs1554634167","642:55:00","642:55:00","T","C/T","-","SNP","dbSNP","Frequency~TOPMed~gnomAD","missense variant","L/F",164,"deleterious - low confidence",0,"probably damaging",0.993,"likely benign",25,736,"likely disease causing",0.735,"ENST00000340958.4"
"rs781852351","642:16:00","642:16:00","A","C/A/T","-","SNP","dbSNP","Frequency~ExAC~TOPMed~gnomAD","missense variant","L/M",151,"tolerated - low confidence",0.16,"benign",0.146,"likely benign",9,193,"likely benign",0.192,"ENST00000340958.4"
"rs2130521567","635:32:00","635:32:00","C","T/C","-","SNP","dbSNP","Frequency","missense variant","L/P",16,"deleterious - low confidence",0,"probably damaging",0.953,"likely benign",28,929,"likely disease causing",0.928,"ENST00000340958.4"
"rs782377694","635:41:00","635:41:00","C","T/C","-","SNP","dbSNP","Frequency~ExAC~gnomAD","missense variant","L/P",19,"deleterious - low confidence",0,"probably damaging",0.953,"likely benign",29,913,"likely disease causing",0.912,"ENST00000340958.4"
"rs782221735","638:23:00","638:23:00","C","T/A/C","-","SNP","dbSNP","Frequency~Phenotype_or_Disease~ExAC~TOPMed~gnomAD","missense variant","L/P",73,"deleterious - low confidence",0.01,"probably damaging",0.997,"likely benign",28,938,"likely disease causing",0.937,"ENST00000340958.4"
"rs1554634097","639:35:00","639:35:00","C","T/C/G","-","SNP","dbSNP","Frequency~TOPMed~gnomAD","missense variant","L/P",97,"deleterious - low confidence",0,"probably damaging",0.977,"likely benign",27,878,"likely disease causing",0.877,"ENST00000340958.4"
"rs1788035096","642:17:00","642:17:00","C","T/C","-","SNP","dbSNP","Frequency~TOPMed","missense variant","L/P",151,"deleterious - low confidence",0,"possibly damaging",0.804,"likely benign",25,723,"likely disease causing",0.722,"ENST00000340958.4"
"rs781839221","643:23:00","643:23:00","C","T/A/C","-","SNP","dbSNP","Frequency~Phenotype_or_Disease~ExAC~TOPMed~gnomAD","missense variant","L/P",173,"deleterious - low confidence",0,"probably damaging",0.997,"likely benign",26,921,"likely disease causing",0.92,"ENST00000340958.4"
"rs782293751","641:05:00","641:05:00","C","T/C","-","SNP","dbSNP","Frequency~ExAC~gnomAD","missense variant","L/S",127,"deleterious - low confidence",0,"benign",0.421,"likely benign",24,585,"likely disease causing",0.584,"ENST00000340958.4"
"rs1554634078","638:16:00","638:16:00","G","C/G","-","SNP","dbSNP","Frequency~TOPMed~gnomAD","missense variant","L/V",71,"deleterious - low confidence",0,"possibly damaging",0.848,"likely benign",24,895,"likely disease causing",0.894,"ENST00000340958.4"
"rs782565979","635:12:00","635:12:00","A","G/A","-","SNP","dbSNP","Frequency~ExAC~gnomAD","missense variant","M/I",9,"tolerated - low confidence",0.08,"benign",0.001,"likely benign",15,236,"likely benign",0.235,"ENST00000340958.4"
"rs1788024831","636:12:00","636:12:00","A","G/A","-","SNP","dbSNP","Frequency~gnomAD","missense variant","M/I",29,"deleterious - low confidence",0,"benign",0.13,"likely benign",24,712,"likely disease causing",0.711,"ENST00000340958.4"
"rs1788027280","637:21:00","637:21:00","T","G/T","-","SNP","dbSNP","Frequency~gnomAD","missense variant","M/I",52,"deleterious - low confidence",0,"benign",0.14,"likely benign",25,803,"likely disease causing",0.802,"ENST00000340958.4"
"rs147074853","640:39:00","640:39:00","A","G/A","-","SNP","dbSNP","Frequency~ESP","missense variant","M/I",118,"tolerated - low confidence",0.11,"benign",0.009,"likely benign",22,294,"likely benign",0.293,"ENST00000340958.4"
"rs781885725","634:56:00","634:56:00","A","T/A/C","-","SNP","dbSNP","Frequency~ExAC~TOPMed~gnomAD","missense variant","M/K",4,"deleterious - low confidence",0.03,"benign",0.224,"likely benign",22,575,"likely disease causing",0.574,"ENST00000340958.4"
"rs782547531","636:11:00","636:11:00","A","T/A/C","-","SNP","dbSNP","Frequency~ExAC~TOPMed~gnomAD","missense variant","M/K",29,"deleterious - low confidence",0.01,"benign",0.084,"likely benign",24,702,"likely disease causing",0.701,"ENST00000340958.4"
"rs1788031827","640:38:00","640:38:00","A","T/A","-","SNP","dbSNP","Frequency~TOPMed","missense variant","M/K",118,"tolerated - low confidence",0.12,"benign",0.163,"likely benign",22,658,"likely disease causing",0.657,"ENST00000340958.4"
"rs1554634069","637:49:00","637:49:00","C","A/C","-","SNP","dbSNP","Frequency~gnomAD","missense variant","M/L",62,"deleterious - low confidence",0.03,"benign",0.021,"likely benign",22,423,"likely benign",0.422,"ENST00000340958.4"
"rs1554634155","641:49:00","641:49:00","G","A/G/T","-","SNP","dbSNP","Frequency~TOPMed~gnomAD","missense variant","N/D",142,"deleterious - low confidence",0,"benign",0.005,"likely benign",22,223,"likely benign",0.222,"ENST00000340958.4"
"rs368820080","642:10:00","642:10:00","G","A/G/T","-","SNP","dbSNP","Frequency~ESP~ExAC~TOPMed~gnomAD","missense variant","N/D",149,"deleterious - low confidence",0.03,"benign",0.165,"likely benign",23,560,"likely disease causing",0.559,"ENST00000340958.4"
"rs1159444080","640:03:00","640:03:00","A","C/A/T","-","SNP","dbSNP","Frequency~TOPMed~gnomAD","missense variant","N/K",106,"deleterious - low confidence",0.03,"benign",0.127,"likely benign",23,380,"likely benign",0.379,"ENST00000340958.4"
"rs1346527742","640:02:00","640:02:00","G","A/G","-","SNP","dbSNP","Frequency~gnomAD","missense variant","N/S",106,"deleterious - low confidence",0.02,"benign",0.313,"likely benign",23,351,"likely benign",0.35,"ENST00000340958.4"
"rs1554634156","641:50:00","641:50:00","G","A/G","-","SNP","dbSNP","Frequency~TOPMed~gnomAD","missense variant","N/S",142,"tolerated - low confidence",0.22,"benign",0.001,"likely benign",10,223,"likely benign",0.222,"ENST00000340958.4"
"rs1788039171","645:05:00","645:05:00","G","A/G","-","SNP","dbSNP","Frequency~TOPMed","missense variant","N/S",207,"tolerated - low confidence",0.2,"probably damaging",0.938,"likely benign",22,264,"likely benign",0.263,"ENST00000340958.4"
"rs782320250","644:19:00","644:19:00","G","C/G","-","SNP","dbSNP","Frequency~ExAC~gnomAD","missense variant","P/A",192,"tolerated - low confidence",0.13,"benign",0.006,"likely benign",16,108,"likely benign",0.107,"ENST00000340958.4"
"rs782599409","644:05:00","644:05:00","A","C/A","-","SNP","dbSNP","Frequency~Phenotype_or_Disease~ExAC~TOPMed~gnomAD","missense variant","P/H",187,"deleterious - low confidence",0,"benign",0.054,"likely benign",22,303,"likely benign",0.302,"ENST00000340958.4"
"rs782390551","638:26:00","638:26:00","T","C/A/T","-","SNP","dbSNP","Frequency~ExAC~TOPMed~gnomAD","missense variant","P/L",74,"deleterious - low confidence",0,"possibly damaging",0.901,"likely benign",27,603,"likely disease causing",0.602,"ENST00000340958.4"
"rs367781698","641:29:00","641:29:00","T","C/T","-","SNP","dbSNP","Frequency","missense variant","P/L",135,"deleterious - low confidence",0,"probably damaging",0.977,"likely benign",27,723,"likely disease causing",0.722,"ENST00000340958.4"
"rs782628449","642:14:00","642:14:00","T","C/T","-","SNP","dbSNP","Frequency~ExAC~gnomAD","missense variant","P/L",150,"deleterious - low confidence",0,"possibly damaging",0.701,"likely benign",27,869,"likely disease causing",0.868,"ENST00000340958.4"
"rs782479124","644:04:00","644:04:00","T","C/A/T","-","SNP","dbSNP","Frequency~ExAC~TOPMed~gnomAD","missense variant","P/S",187,"deleterious - low confidence",0.02,"benign",0.043,"likely benign",22,275,"likely benign",0.274,"ENST00000340958.4"
"rs1466501277","641:28:00","641:28:00","A","C/A","-","SNP","dbSNP","Frequency~gnomAD","missense variant","P/T",135,"deleterious - low confidence",0.02,"possibly damaging",0.794,"likely benign",24,759,"likely disease causing",0.758,"ENST00000340958.4"
"rs1554634066","637:46:00","637:46:00","G","C/G","-","SNP","dbSNP","Frequency~gnomAD","missense variant","Q/E",61,"deleterious - low confidence",0,"possibly damaging",0.559,"likely benign",24,725,"likely disease causing",0.724,"ENST00000340958.4"
"rs1425751388","638:37:00","638:37:00","A","C/A","-","SNP","dbSNP","Frequency~TOPMed","missense variant","Q/K",78,"deleterious - low confidence",0,"possibly damaging",0.679,"likely benign",26,932,"likely disease causing",0.931,"ENST00000340958.4"
"rs1180908789","637:53:00","637:53:00","C","A/C","-","SNP","dbSNP","Frequency~TOPMed","missense variant","Q/P",63,"deleterious - low confidence",0,"probably damaging",0.992,"likely deleterious",32,902,"likely disease causing",0.901,"ENST00000340958.4"
"rs1057401355","642:32:00","642:32:00","G","A/G","-","SNP","dbSNP","","missense variant","Q/R",156,"deleterious - low confidence",0.02,"benign",0.186,"likely benign",23,767,"likely disease causing",0.766,"ENST00000340958.4"
"rs75600983","636:16:00","636:16:00","T","C/T","0.001","SNP","dbSNP","Frequency~1000Genomes~ExAC~TOPMed~gnomAD","missense variant","R/C",31,"deleterious - low confidence",0,"probably damaging",0.995,"likely benign",28,711,"likely disease causing",0.71,"ENST00000340958.4"
"rs782109277","638:46:00","638:46:00","T","C/T","-","SNP","dbSNP","Frequency~ExAC~gnomAD","missense variant","R/C",81,"deleterious - low confidence",0,"probably damaging",1,"likely benign",27,832,"likely disease causing",0.831,"ENST00000340958.4"
"rs782258246","644:07:00","644:07:00","T","C/G/T","-","SNP","dbSNP","Frequency~ExAC~TOPMed~gnomAD","missense variant","R/C",188,"deleterious - low confidence",0,"benign",0.023,"likely benign",22,213,"likely benign",0.212,"ENST00000340958.4"
"rs782007311","644:46:00","644:46:00","T","C/G/T","-","SNP","dbSNP","Frequency~ExAC~TOPMed~gnomAD","missense variant","R/C",201,"deleterious - low confidence",0,"probably damaging",0.985,"likely benign",28,513,"likely disease causing",0.512,"ENST00000340958.4"
"rs782432494","636:17:00","636:17:00","A","G/A","-","SNP","dbSNP","Frequency~ExAC~TOPMed~gnomAD","missense variant","R/H",31,"deleterious - low confidence",0.01,"probably damaging",0.981,"likely benign",28,616,"likely disease causing",0.615,"ENST00000340958.4"
"rs782800833","638:47:00","638:47:00","A","G/A","-","SNP","dbSNP","Frequency~Phenotype_or_Disease~ExAC~TOPMed~gnomAD","missense variant","R/H",81,"deleterious - low confidence",0,"probably damaging",1,"likely benign",29,891,"likely disease causing",0.89,"ENST00000340958.4"
"rs782686647","644:08:00","644:08:00","A","G/A","-","SNP","dbSNP","Frequency~TOPMed~gnomAD","missense variant","R/H",188,"deleterious - low confidence",0.01,"benign",0.007,"likely benign",23,253,"likely benign",0.252,"ENST00000340958.4"
"rs368855545","644:47:00","644:47:00","A","G/A/T","-","SNP","dbSNP","Frequency~ESP~ExAC~TOPMed~gnomAD","missense variant","R/H",201,"deleterious - low confidence",0.02,"probably damaging",0.98,"likely benign",27,577,"likely disease causing",0.576,"ENST00000340958.4"
"rs371517967","642:38:00","642:38:00","A","G/A","-","SNP","dbSNP","Frequency~ESP~ExAC~TOPMed~gnomAD","missense variant","R/Q",158,"deleterious - low confidence",0,"possibly damaging",0.552,"likely benign",29,731,"likely disease causing",0.73,"ENST00000340958.4"
"rs782629194","642:37:00","642:37:00","T","C/T","-","SNP","dbSNP","Frequency~ExAC~TOPMed~gnomAD","missense variant","R/W",158,"deleterious - low confidence",0.01,"probably damaging",0.959,"likely benign",25,636,"likely disease causing",0.635,"ENST00000340958.4"
"rs1788038386","644:25:00","644:25:00","G","T/G","-","SNP","dbSNP","Frequency~TOPMed","missense variant","S/A",194,"tolerated - low confidence",0.23,"benign",0.125,"likely benign",20,167,"likely benign",0.166,"ENST00000340958.4"
"rs139833538","644:50:00","644:50:00","G","C/G/T","-","SNP","dbSNP","Frequency~ESP~ExAC~TOPMed~gnomAD","missense variant","S/C",202,"deleterious - low confidence",0,"probably damaging",0.985,"likely benign",25,432,"likely benign",0.431,"ENST00000340958.4"
"rs2130523818","645:01:00","645:01:00","G","A/G","-","SNP","dbSNP","","missense variant","S/G",206,"tolerated - low confidence",0.12,"benign",0.067,"likely benign",21,287,"likely benign",0.286,"ENST00000340958.4"
"rs561546540","636:53:00","636:53:00","T","C/A/T","-","SNP","dbSNP","Frequency~1000Genomes~ExAC~TOPMed~gnomAD","missense variant","S/L",43,"deleterious - low confidence",0,"benign",0.147,"likely benign",28,502,"likely disease causing",0.501,"ENST00000340958.4"
"rs782109306","638:11:00","638:11:00","T","C/T","-","SNP","dbSNP","Frequency~TOPMed~gnomAD","missense variant","S/L",69,"deleterious - low confidence",0,"probably damaging",0.97,"likely deleterious",32,944,"likely disease causing",0.943,"ENST00000340958.4"
"rs200176069","642:53:00","642:53:00","T","C/T","-","SNP","dbSNP","Frequency~1000Genomes~ExAC~TOPMed~gnomAD","missense variant","S/L",163,"deleterious - low confidence",0,"possibly damaging",0.682,"likely benign",23,617,"likely disease causing",0.616,"ENST00000340958.4"
"rs782058994","636:38:00","636:38:00","A","G/A","-","SNP","dbSNP","Frequency~ExAC~gnomAD","missense variant","S/N",38,"tolerated - low confidence",1,"benign",0.021,"likely benign",19,157,"likely benign",0.156,"ENST00000340958.4"
"rs372882134","644:49:00","644:49:00","C","T/C","-","SNP","dbSNP","Frequency~ESP~ExAC~gnomAD","missense variant","S/P",202,"deleterious - low confidence",0.03,"probably damaging",0.97,"likely benign",24,374,"likely benign",0.373,"ENST00000340958.4"
"rs1788027723","637:38:00","637:38:00","C","G/C","-","SNP","dbSNP","Frequency","missense variant","S/T",58,"deleterious - low confidence",0,"benign",0.387,"likely benign",25,727,"likely disease causing",0.726,"ENST00000340958.4"
"rs1788036514","643:16:00","643:16:00","A","T/A","-","SNP","dbSNP","Frequency~TOPMed","missense variant","S/T",171,"deleterious - low confidence",0.02,"benign",0.04,"likely benign",13,273,"likely benign",0.272,"ENST00000340958.4"
"rs1486975260","640:34:00","640:34:00","G","A/G","-","SNP","dbSNP","Frequency~TOPMed~gnomAD","missense variant","T/A",117,"tolerated - low confidence",0.11,"benign",0.003,"likely benign",18,162,"likely benign",0.161,"ENST00000340958.4"
"rs1037118956","641:40:00","641:40:00","G","A/G","-","SNP","dbSNP","","missense variant","T/A",139,"deleterious - low confidence",0.02,"benign",0.085,"likely benign",23,411,"likely benign",0.41,"ENST00000340958.4"
"rs782496885","641:41:00","641:41:00","A","C/A/T","-","SNP","dbSNP","Frequency~TOPMed~gnomAD","missense variant","T/K",139,"deleterious - low confidence",0,"possibly damaging",0.712,"likely benign",24,615,"likely disease causing",0.614,"ENST00000340958.4"
"rs564064512","636:23:00","636:23:00","T","C/T","< 0.001","SNP","dbSNP","Frequency~1000Genomes~ExAC~gnomAD","missense variant","T/M",33,"deleterious - low confidence",0.01,"probably damaging",0.921,"likely deleterious",32,756,"likely disease causing",0.755,"ENST00000340958.4"
"rs1554634049","636:50:00","636:50:00","A","C/A","-","SNP","dbSNP","Frequency~gnomAD","missense variant","T/N",42,"deleterious - low confidence",0,"benign",0.413,"likely benign",24,504,"likely disease causing",0.503,"ENST00000340958.4"
"rs1554634111","639:59:00","639:59:00","A","C/A","-","SNP","dbSNP","","missense variant","T/N",105,"deleterious - low confidence",0,"probably damaging",0.995,"likely benign",27,843,"likely disease causing",0.842,"ENST00000340958.4"
"rs782122717","640:35:00","640:35:00","A","C/A","-","SNP","dbSNP","Frequency~ExAC~TOPMed~gnomAD","missense variant","T/N",117,"deleterious - low confidence",0,"benign",0.153,"likely benign",16,260,"likely benign",0.259,"ENST00000340958.4"
"rs1788038080","644:11:00","644:11:00","G","C/G","-","SNP","dbSNP","Frequency~TOPMed","missense variant","T/R",189,"tolerated - low confidence",0.06,"benign",0,"likely benign",4,191,"likely benign",0.19,"ENST00000340958.4"
"rs782134932","636:49:00","636:49:00","T","A/T","-","SNP","dbSNP","Frequency~ExAC~gnomAD","missense variant","T/S",42,"deleterious - low confidence",0.02,"benign",0.146,"likely benign",23,479,"likely benign",0.478,"ENST00000340958.4"
"rs1016962918","635:47:00","635:47:00","C","T/C","-","SNP","dbSNP","Frequency~TOPMed~gnomAD","missense variant","V/A",21,"tolerated - low confidence",1,"benign",0,"likely benign",10,143,"likely benign",0.142,"ENST00000340958.4"
"rs1554634089","639:14:00","639:14:00","C","T/C","-","SNP","dbSNP","Frequency~gnomAD","missense variant","V/A",90,"deleterious - low confidence",0.04,"benign",0.015,"likely benign",19,347,"likely benign",0.346,"ENST00000340958.4"
"rs1788030483","639:29:00","639:29:00","C","T/C","-","SNP","dbSNP","Frequency~Phenotype_or_Disease~TOPMed~gnomAD","missense variant","V/A",95,"deleterious - low confidence",0.02,"benign",0.161,"likely benign",23,407,"likely benign",0.406,"ENST00000340958.4"
"rs1554634149","641:32:00","641:32:00","C","T/C","-","SNP","dbSNP","Frequency~gnomAD","missense variant","V/A",136,"deleterious - low confidence",0.02,"benign",0.255,"likely benign",17,362,"likely benign",0.361,"ENST00000340958.4"
"rs200778903","642:20:00","642:20:00","C","T/C","< 0.001","SNP","dbSNP","Frequency~1000Genomes~ExAC~gnomAD","missense variant","V/A",152,"deleterious - low confidence",0.01,"benign",0.228,"likely benign",24,603,"likely disease causing",0.602,"ENST00000340958.4"
"rs782337604","643:02:00","643:02:00","C","T/C","-","SNP","dbSNP","Frequency~ExAC~gnomAD","missense variant","V/A",166,"deleterious - low confidence",0,"benign",0.286,"likely benign",22,578,"likely disease causing",0.577,"ENST00000340958.4"
"rs146345112","635:28:00","635:28:00","T","G/A/T","0.002","SNP","dbSNP","Frequency~1000Genomes~ESP~ExAC~TOPMed~gnomAD","missense variant","V/F",15,"tolerated - low confidence",0.12,"benign",0.051,"likely benign",20,423,"likely benign",0.422,"ENST00000340958.4"
"rs1554634048","636:46:00","636:46:00","T","G/T","-","SNP","dbSNP","Frequency~gnomAD","missense variant","V/F",41,"deleterious - low confidence",0,"benign",0.284,"likely benign",24,823,"likely disease causing",0.822,"ENST00000340958.4"
"rs1584330136","637:32:00","637:32:00","G","T/G","-","SNP","dbSNP","Frequency","missense variant","V/G",56,"deleterious - low confidence",0,"possibly damaging",0.635,"likely benign",28,793,"likely disease causing",0.792,"ENST00000340958.4"
"rs1584330368","640:53:00","640:53:00","G","T/G","-","SNP","dbSNP","Frequency","missense variant","V/G",123,"deleterious - low confidence",0.01,"benign",0.021,"likely benign",20,657,"likely disease causing",0.656,"ENST00000340958.4"
"rs1584330376","640:56:00","640:56:00","G","T/G","-","SNP","dbSNP","Frequency","missense variant","V/G",124,"deleterious - low confidence",0,"benign",0.013,"likely benign",23,506,"likely disease causing",0.505,"ENST00000340958.4"
"rs151081297","635:46:00","635:46:00","A","G/A","-","SNP","dbSNP","Frequency~ESP~Phenotype_or_Disease~ExAC~TOPMed~gnomAD","missense variant","V/I",21,"deleterious - low confidence",0.02,"benign",0.003,"likely benign",19,151,"likely benign",0.15,"ENST00000340958.4"
"rs376263596","638:55:00","638:55:00","A","G/A","-","SNP","dbSNP","Frequency~ESP~ExAC~TOPMed~gnomAD","missense variant","V/I",84,"tolerated - low confidence",0.22,"benign",0,"likely benign",6,133,"likely benign",0.132,"ENST00000340958.4"
"rs575930601","643:01:00","643:01:00","A","G/A/C","-","SNP","dbSNP","Frequency~ExAC~TOPMed~gnomAD","missense variant","V/I",166,"tolerated - low confidence",1,"benign",0.005,"likely benign",0,251,"likely benign",0.25,"ENST00000340958.4"
"rs371121791","636:19:00","636:19:00","T","G/A/T","-","SNP","dbSNP","Frequency~ESP~ExAC~TOPMed~gnomAD","missense variant","V/L",32,"deleterious - low confidence",0.02,"possibly damaging",0.778,"likely benign",28,768,"likely disease causing",0.767,"ENST00000340958.4"
"rs782263774","639:40:00","639:40:00","T","G/A/T","-","SNP","dbSNP","Frequency~ExAC~TOPMed~gnomAD","missense variant","V/L",99,"tolerated - low confidence",0.11,"benign",0.019,"likely benign",16,165,"likely benign",0.164,"ENST00000340958.4"
"rs781798709","640:43:00","640:43:00","C","G/A/C","-","SNP","dbSNP","Frequency~1000Genomes~ExAC~TOPMed~gnomAD","missense variant","V/L",120,"tolerated - low confidence",0.45,"benign",0.009,"likely benign",15,116,"likely benign",0.115,"ENST00000340958.4"
"rs1049466972","640:55:00","640:55:00","T","G/T","-","SNP","dbSNP","Frequency~TOPMed~gnomAD","missense variant","V/L",124,"tolerated - low confidence",0.26,"benign",0.006,"likely benign",20,357,"likely benign",0.356,"ENST00000340958.4"
"rs1385845971","641:19:00","641:19:00","C","G/A/C/T","-","SNP","dbSNP","Frequency~TOPMed~gnomAD","missense variant","V/L",132,"tolerated - low confidence",0.29,"benign",0.009,"likely benign",14,220,"likely benign",0.219,"ENST00000340958.4"
"rs782593567","645:10:00","645:10:00","C","G/A/C","-","SNP","dbSNP","Frequency~ExAC~TOPMed~gnomAD","missense variant","V/L",209,"deleterious - low confidence",0,"probably damaging",0.938,"likely benign",26,581,"likely disease causing",0.58,"ENST00000340958.4"
"rs199697067","637:28:00","637:28:00","A","G/A","-","SNP","dbSNP","Frequency~ExAC~TOPMed~gnomAD","missense variant","V/M",55,"deleterious - low confidence",0,"possibly damaging",0.844,"likely deleterious",33,831,"likely disease causing",0.83,"ENST00000340958.4"
"rs1554634060","637:31:00","637:31:00","A","G/A","-","SNP","dbSNP","Frequency~gnomAD","missense variant","V/M",56,"tolerated - low confidence",0.09,"benign",0.228,"likely benign",24,539,"likely disease causing",0.538,"ENST00000340958.4"
"rs372920291","639:13:00","639:13:00","A","G/A","-","SNP","dbSNP","Frequency~Phenotype_or_Disease~ExAC~TOPMed~gnomAD","missense variant","V/M",90,"deleterious - low confidence",0.05,"benign",0.065,"likely benign",12,185,"likely benign",0.184,"ENST00000340958.4"
"rs374844316","639:28:00","639:28:00","A","G/A","< 0.001","SNP","dbSNP","Frequency~1000Genomes~ESP~ExAC~TOPMed~gnomAD","missense variant","V/M",95,"deleterious - low confidence",0.03,"benign",0.102,"likely benign",19,156,"likely benign",0.155,"ENST00000340958.4"
"rs34646484","640:52:00","640:52:00","A","G/A","< 0.001","SNP","dbSNP","Frequency~1000Genomes~ESP~ExAC~TOPMed~gnomAD","missense variant","V/M",123,"deleterious - low confidence",0.02,"possibly damaging",0.626,"likely benign",25,613,"likely disease causing",0.612,"ENST00000340958.4"
"rs1554634152","641:37:00","641:37:00","G","T/G","-","SNP","dbSNP","Frequency~gnomAD","missense variant","W/G",138,"deleterious - low confidence",0,"probably damaging",0.998,"likely benign",29,922,"likely disease causing",0.921,"ENST00000340958.4"
"rs782661763","636:14:00","636:14:00","T","G/A/T","-","SNP","dbSNP","Frequency~ExAC~TOPMed~gnomAD","missense variant","W/L",30,"deleterious - low confidence",0.01,"probably damaging",1,"likely deleterious",33,907,"likely disease causing",0.906,"ENST00000340958.4"
"rs1788027245","637:16:00","637:16:00","C","T/C","-","SNP","dbSNP","Frequency~TOPMed","missense variant","W/R",51,"deleterious - low confidence",0,"probably damaging",0.999,"likely deleterious",33,954,"likely disease causing",0.953,"ENST00000340958.4"
"rs1554634159","642:08:00","642:08:00","G","A/G","-","SNP","dbSNP","Frequency~gnomAD","missense variant","Y/C",148,"deleterious - low confidence",0,"possibly damaging",0.719,"likely benign",29,897,"likely disease causing",0.896,"ENST00000340958.4"
